﻿<?xml version="1.0" encoding="utf-8"?>
<linkbase xmlns="http://www.xbrl.org/2003/linkbase"
xmlns:xsi="http://www.w3.org/2001/XMLSchema-instance"
xmlns:xlink="http://www.w3.org/1999/xlink" xsi:schemaLocation=" http://www.xbrl.org/2003/linkbase http://www.xbrl.org/2003/xbrl-linkbase-2003-12-31.xsd">
  <presentationLink xlink:type="extended" xlink:role="http://www.xbrl.org/2003/role/link">
    <loc xlink:type="locator" xlink:href="d-sc-be-2006-07-01.xsd#d-sc-be_ScopeDimension" xlink:label="d-sc-be_ScopeDimension" />
    <loc xlink:type="locator" xlink:href="d-sc-be-2006-07-01.xsd#d-sc-be_ScopeDomain" xlink:label="d-sc-be_ScopeDomain" />
    <presentationArc xlink:type="arc" xlink:arcrole="http://www.xbrl.org/2003/arcrole/parent-child" xlink:from="d-sc-be_ScopeDimension" xlink:to="d-sc-be_ScopeDomain" order="1" use="optional" />
    <loc xlink:type="locator" xlink:href="d-sc-be-2006-07-01.xsd#d-sc-be_Holding" xlink:label="d-sc-be_Holding" />
    <presentationArc xlink:type="arc" xlink:arcrole="http://www.xbrl.org/2003/arcrole/parent-child" xlink:from="d-sc-be_ScopeDomain" xlink:to="d-sc-be_Holding" order="1" use="optional" />
    <loc xlink:type="locator" xlink:href="d-sc-be-2006-07-01.xsd#d-sc-be_Consolidated" xlink:label="d-sc-be_Consolidated" />
    <presentationArc xlink:type="arc" xlink:arcrole="http://www.xbrl.org/2003/arcrole/parent-child" xlink:from="d-sc-be_ScopeDomain" xlink:to="d-sc-be_Consolidated" order="2" use="optional" />
    <loc xlink:type="locator" xlink:href="d-sc-be-2006-07-01.xsd#d-sc-be_Solo" xlink:label="d-sc-be_Solo" />
    <presentationArc xlink:type="arc" xlink:arcrole="http://www.xbrl.org/2003/arcrole/parent-child" xlink:from="d-sc-be_ScopeDomain" xlink:to="d-sc-be_Solo" order="3" use="optional" />
    <loc xlink:type="locator" xlink:href="d-sc-be-2006-07-01.xsd#d-sc-be_Social" xlink:label="d-sc-be_Social" />
    <presentationArc xlink:type="arc" xlink:arcrole="http://www.xbrl.org/2003/arcrole/parent-child" xlink:from="d-sc-be_Solo" xlink:to="d-sc-be_Social" order="1" use="optional" />
    <loc xlink:type="locator" xlink:href="d-sc-be-2006-07-01.xsd#d-sc-be_Territorial" xlink:label="d-sc-be_Territorial" />
    <presentationArc xlink:type="arc" xlink:arcrole="http://www.xbrl.org/2003/arcrole/parent-child" xlink:from="d-sc-be_Solo" xlink:to="d-sc-be_Territorial" order="2" use="optional" />
  </presentationLink>
</linkbase>