<?xml version="1.0" encoding="iso-8859-1"?>
<linkbase xmlns="http://www.xbrl.org/2003/linkbase"
xmlns:xsi="http://www.w3.org/2001/XMLSchema-instance"
xmlns:xlink="http://www.w3.org/1999/xlink" xsi:schemaLocation=" http://www.xbrl.org/2003/linkbase http://www.xbrl.org/2003/xbrl-linkbase-2003-12-31.xsd">
  <labelLink xlink:type="extended" xlink:role="http://www.xbrl.org/2003/role/link">
    <loc xlink:type="locator" xlink:href="p-FinInstr-2008-01-01.xsd#p-FinInstr_ClientOwnedFinancialInstruments" xlink:label="p-FinInstr_ClientOwnedFinancialInstruments" />
    <labelArc xlink:type="arc" xlink:arcrole="http://www.xbrl.org/2003/arcrole/concept-label" xlink:from="p-FinInstr_ClientOwnedFinancialInstruments" xlink:to="p-FinInstr_ClientOwnedFinancialInstruments_lbl" />
    <label xlink:type="resource" xlink:role="http://www.xbrl.org/2003/role/label" xlink:label="p-FinInstr_ClientOwnedFinancialInstruments_lbl" xml:lang="en">Client-Owned Financial Instruments</label>
    <loc xlink:type="locator" xlink:href="p-FinInstr-2008-01-01.xsd#p-FinInstr_ClientOwnedFinancialInstrumentsCreditBalancesAtDepositaries" xlink:label="p-FinInstr_ClientOwnedFinancialInstrumentsCreditBalancesAtDepositaries" />
    <labelArc xlink:type="arc" xlink:arcrole="http://www.xbrl.org/2003/arcrole/concept-label" xlink:from="p-FinInstr_ClientOwnedFinancialInstrumentsCreditBalancesAtDepositaries" xlink:to="p-FinInstr_ClientOwnedFinancialInstrumentsCreditBalancesAtDepositaries_lbl" />
    <label xlink:type="resource" xlink:role="http://www.xbrl.org/2003/role/label" xlink:label="p-FinInstr_ClientOwnedFinancialInstrumentsCreditBalancesAtDepositaries_lbl" xml:lang="en">Credit Balances at Depositaries</label>
    <loc xlink:type="locator" xlink:href="p-FinInstr-2008-01-01.xsd#p-FinInstr_ClientOwnedFinancialInstrumentsInSafekeeping" xlink:label="p-FinInstr_ClientOwnedFinancialInstrumentsInSafekeeping" />
    <labelArc xlink:type="arc" xlink:arcrole="http://www.xbrl.org/2003/arcrole/concept-label" xlink:from="p-FinInstr_ClientOwnedFinancialInstrumentsInSafekeeping" xlink:to="p-FinInstr_ClientOwnedFinancialInstrumentsInSafekeeping_lbl" />
    <label xlink:type="resource" xlink:role="http://www.xbrl.org/2003/role/label" xlink:label="p-FinInstr_ClientOwnedFinancialInstrumentsInSafekeeping_lbl" xml:lang="en">Client-Owned Financial Instruments in Safekeeping</label>
    <loc xlink:type="locator" xlink:href="p-FinInstr-2008-01-01.xsd#p-FinInstr_ClientOwnedFinancialInstrumentsInSafekeepingValuationDifferences" xlink:label="p-FinInstr_ClientOwnedFinancialInstrumentsInSafekeepingValuationDifferences" />
    <labelArc xlink:type="arc" xlink:arcrole="http://www.xbrl.org/2003/arcrole/concept-label" xlink:from="p-FinInstr_ClientOwnedFinancialInstrumentsInSafekeepingValuationDifferences" xlink:to="p-FinInstr_ClientOwnedFinancialInstrumentsInSafekeepingValuationDifferences_lbl" />
    <label xlink:type="resource" xlink:role="http://www.xbrl.org/2003/role/label" xlink:label="p-FinInstr_ClientOwnedFinancialInstrumentsInSafekeepingValuationDifferences_lbl" xml:lang="en">(Valuation Differences)</label>
    <loc xlink:type="locator" xlink:href="p-FinInstr-2008-01-01.xsd#p-FinInstr_ClientOwnedFinancialInstrumentsInSafekeepingWithClientsDebitBalances" xlink:label="p-FinInstr_ClientOwnedFinancialInstrumentsInSafekeepingWithClientsDebitBalances" />
    <labelArc xlink:type="arc" xlink:arcrole="http://www.xbrl.org/2003/arcrole/concept-label" xlink:from="p-FinInstr_ClientOwnedFinancialInstrumentsInSafekeepingWithClientsDebitBalances" xlink:to="p-FinInstr_ClientOwnedFinancialInstrumentsInSafekeepingWithClientsDebitBalances_lbl" />
    <label xlink:type="resource" xlink:role="http://www.xbrl.org/2003/role/label" xlink:label="p-FinInstr_ClientOwnedFinancialInstrumentsInSafekeepingWithClientsDebitBalances_lbl" xml:lang="en">With Clients' Debit Balances</label>
    <loc xlink:type="locator" xlink:href="p-FinInstr-2008-01-01.xsd#p-FinInstr_ClientOwnedFinancialInstrumentsInSafekeepingWithReportingInstitution" xlink:label="p-FinInstr_ClientOwnedFinancialInstrumentsInSafekeepingWithReportingInstitution" />
    <labelArc xlink:type="arc" xlink:arcrole="http://www.xbrl.org/2003/arcrole/concept-label" xlink:from="p-FinInstr_ClientOwnedFinancialInstrumentsInSafekeepingWithReportingInstitution" xlink:to="p-FinInstr_ClientOwnedFinancialInstrumentsInSafekeepingWithReportingInstitution_lbl" />
    <label xlink:type="resource" xlink:role="http://www.xbrl.org/2003/role/label" xlink:label="p-FinInstr_ClientOwnedFinancialInstrumentsInSafekeepingWithReportingInstitution_lbl" xml:lang="en">With Reporting Institution</label>
    <loc xlink:type="locator" xlink:href="p-FinInstr-2008-01-01.xsd#p-FinInstr_ClientOwnedFinancialInstrumentsInSafekeepingWithSafeCustodyInstitutionsOwnAssets" xlink:label="p-FinInstr_ClientOwnedFinancialInstrumentsInSafekeepingWithSafeCustodyInstitutionsOwnAssets" />
    <labelArc xlink:type="arc" xlink:arcrole="http://www.xbrl.org/2003/arcrole/concept-label" xlink:from="p-FinInstr_ClientOwnedFinancialInstrumentsInSafekeepingWithSafeCustodyInstitutionsOwnAssets" xlink:to="p-FinInstr_ClientOwnedFinancialInstrumentsInSafekeepingWithSafeCustodyInstitutionsOwnAssets_lbl" />
    <label xlink:type="resource" xlink:role="http://www.xbrl.org/2003/role/label" xlink:label="p-FinInstr_ClientOwnedFinancialInstrumentsInSafekeepingWithSafeCustodyInstitutionsOwnAssets_lbl" xml:lang="en">With Safe Custody (Institution's Own Assets)</label>
    <loc xlink:type="locator" xlink:href="p-FinInstr-2008-01-01.xsd#p-FinInstr_ClientOwnedFinancialInstrumentsInSafekeepingWithSafeCustodyThirdPartyDepositaries" xlink:label="p-FinInstr_ClientOwnedFinancialInstrumentsInSafekeepingWithSafeCustodyThirdPartyDepositaries" />
    <labelArc xlink:type="arc" xlink:arcrole="http://www.xbrl.org/2003/arcrole/concept-label" xlink:from="p-FinInstr_ClientOwnedFinancialInstrumentsInSafekeepingWithSafeCustodyThirdPartyDepositaries" xlink:to="p-FinInstr_ClientOwnedFinancialInstrumentsInSafekeepingWithSafeCustodyThirdPartyDepositaries_lbl" />
    <label xlink:type="resource" xlink:role="http://www.xbrl.org/2003/role/label" xlink:label="p-FinInstr_ClientOwnedFinancialInstrumentsInSafekeepingWithSafeCustodyThirdPartyDepositaries_lbl" xml:lang="en">With Safe Custody (Third-Party Depositaries)</label>
    <loc xlink:type="locator" xlink:href="p-FinInstr-2008-01-01.xsd#p-FinInstr_ClientOwnedFinancialInstrumentsInSafekeepingWithSettlementsInstitutionsOutsideTheGroup" xlink:label="p-FinInstr_ClientOwnedFinancialInstrumentsInSafekeepingWithSettlementsInstitutionsOutsideTheGroup" />
    <labelArc xlink:type="arc" xlink:arcrole="http://www.xbrl.org/2003/arcrole/concept-label" xlink:from="p-FinInstr_ClientOwnedFinancialInstrumentsInSafekeepingWithSettlementsInstitutionsOutsideTheGroup" xlink:to="p-FinInstr_ClientOwnedFinancialInstrumentsInSafekeepingWithSettlementsInstitutionsOutsideTheGroup_lbl" />
    <label xlink:type="resource" xlink:role="http://www.xbrl.org/2003/role/label" xlink:label="p-FinInstr_ClientOwnedFinancialInstrumentsInSafekeepingWithSettlementsInstitutionsOutsideTheGroup_lbl" xml:lang="en">With Settlements Institutions outside the Group</label>
    <loc xlink:type="locator" xlink:href="p-FinInstr-2008-01-01.xsd#p-FinInstr_ClientOwnedFinancialInstrumentsInSafekeepingWithSettlementsInstitutionsWithinTheGroup" xlink:label="p-FinInstr_ClientOwnedFinancialInstrumentsInSafekeepingWithSettlementsInstitutionsWithinTheGroup" />
    <labelArc xlink:type="arc" xlink:arcrole="http://www.xbrl.org/2003/arcrole/concept-label" xlink:from="p-FinInstr_ClientOwnedFinancialInstrumentsInSafekeepingWithSettlementsInstitutionsWithinTheGroup" xlink:to="p-FinInstr_ClientOwnedFinancialInstrumentsInSafekeepingWithSettlementsInstitutionsWithinTheGroup_lbl" />
    <label xlink:type="resource" xlink:role="http://www.xbrl.org/2003/role/label" xlink:label="p-FinInstr_ClientOwnedFinancialInstrumentsInSafekeepingWithSettlementsInstitutionsWithinTheGroup_lbl" xml:lang="en">With Settlements Institutions within the Group</label>
    <loc xlink:type="locator" xlink:href="p-FinInstr-2008-01-01.xsd#p-FinInstr_ClientOwnedFinancialInstrumentsInSafekeepingWithThirdPartyDepositaries" xlink:label="p-FinInstr_ClientOwnedFinancialInstrumentsInSafekeepingWithThirdPartyDepositaries" />
    <labelArc xlink:type="arc" xlink:arcrole="http://www.xbrl.org/2003/arcrole/concept-label" xlink:from="p-FinInstr_ClientOwnedFinancialInstrumentsInSafekeepingWithThirdPartyDepositaries" xlink:to="p-FinInstr_ClientOwnedFinancialInstrumentsInSafekeepingWithThirdPartyDepositaries_lbl" />
    <label xlink:type="resource" xlink:role="http://www.xbrl.org/2003/role/label" xlink:label="p-FinInstr_ClientOwnedFinancialInstrumentsInSafekeepingWithThirdPartyDepositaries_lbl" xml:lang="en">With Third-Party Depositaries</label>
    <loc xlink:type="locator" xlink:href="p-FinInstr-2008-01-01.xsd#p-FinInstr_ClientOwnedFinancialInstrumentsProfessionalClients" xlink:label="p-FinInstr_ClientOwnedFinancialInstrumentsProfessionalClients" />
    <labelArc xlink:type="arc" xlink:arcrole="http://www.xbrl.org/2003/arcrole/concept-label" xlink:from="p-FinInstr_ClientOwnedFinancialInstrumentsProfessionalClients" xlink:to="p-FinInstr_ClientOwnedFinancialInstrumentsProfessionalClients_lbl" />
    <label xlink:type="resource" xlink:role="http://www.xbrl.org/2003/role/label" xlink:label="p-FinInstr_ClientOwnedFinancialInstrumentsProfessionalClients_lbl" xml:lang="en">Professional Clients</label>
    <loc xlink:type="locator" xlink:href="p-FinInstr-2008-01-01.xsd#p-FinInstr_ClientOwnedFinancialInstrumentsProfessionalClientsNotUnderPortfolioManagement" xlink:label="p-FinInstr_ClientOwnedFinancialInstrumentsProfessionalClientsNotUnderPortfolioManagement" />
    <labelArc xlink:type="arc" xlink:arcrole="http://www.xbrl.org/2003/arcrole/concept-label" xlink:from="p-FinInstr_ClientOwnedFinancialInstrumentsProfessionalClientsNotUnderPortfolioManagement" xlink:to="p-FinInstr_ClientOwnedFinancialInstrumentsProfessionalClientsNotUnderPortfolioManagement_lbl" />
    <label xlink:type="resource" xlink:role="http://www.xbrl.org/2003/role/label" xlink:label="p-FinInstr_ClientOwnedFinancialInstrumentsProfessionalClientsNotUnderPortfolioManagement_lbl" xml:lang="en">Not under Portfolio Management</label>
    <loc xlink:type="locator" xlink:href="p-FinInstr-2008-01-01.xsd#p-FinInstr_ClientOwnedFinancialInstrumentsProfessionalClientsUnderPortfolioManagement" xlink:label="p-FinInstr_ClientOwnedFinancialInstrumentsProfessionalClientsUnderPortfolioManagement" />
    <labelArc xlink:type="arc" xlink:arcrole="http://www.xbrl.org/2003/arcrole/concept-label" xlink:from="p-FinInstr_ClientOwnedFinancialInstrumentsProfessionalClientsUnderPortfolioManagement" xlink:to="p-FinInstr_ClientOwnedFinancialInstrumentsProfessionalClientsUnderPortfolioManagement_lbl" />
    <label xlink:type="resource" xlink:role="http://www.xbrl.org/2003/role/label" xlink:label="p-FinInstr_ClientOwnedFinancialInstrumentsProfessionalClientsUnderPortfolioManagement_lbl" xml:lang="en">Under Portfolio Management</label>
    <loc xlink:type="locator" xlink:href="p-FinInstr-2008-01-01.xsd#p-FinInstr_ClientOwnedFinancialInstrumentsProvidedAsCollateral" xlink:label="p-FinInstr_ClientOwnedFinancialInstrumentsProvidedAsCollateral" />
    <labelArc xlink:type="arc" xlink:arcrole="http://www.xbrl.org/2003/arcrole/concept-label" xlink:from="p-FinInstr_ClientOwnedFinancialInstrumentsProvidedAsCollateral" xlink:to="p-FinInstr_ClientOwnedFinancialInstrumentsProvidedAsCollateral_lbl" />
    <label xlink:type="resource" xlink:role="http://www.xbrl.org/2003/role/label" xlink:label="p-FinInstr_ClientOwnedFinancialInstrumentsProvidedAsCollateral_lbl" xml:lang="en">Client-Owned Financial Instruments Provided as Collateral</label>
    <loc xlink:type="locator" xlink:href="p-FinInstr-2008-01-01.xsd#p-FinInstr_ClientOwnedFinancialInstrumentsReceivedAsCollateral" xlink:label="p-FinInstr_ClientOwnedFinancialInstrumentsReceivedAsCollateral" />
    <labelArc xlink:type="arc" xlink:arcrole="http://www.xbrl.org/2003/arcrole/concept-label" xlink:from="p-FinInstr_ClientOwnedFinancialInstrumentsReceivedAsCollateral" xlink:to="p-FinInstr_ClientOwnedFinancialInstrumentsReceivedAsCollateral_lbl" />
    <label xlink:type="resource" xlink:role="http://www.xbrl.org/2003/role/label" xlink:label="p-FinInstr_ClientOwnedFinancialInstrumentsReceivedAsCollateral_lbl" xml:lang="en">Client-Owned Financial Instruments Received as Collateral</label>
    <loc xlink:type="locator" xlink:href="p-FinInstr-2008-01-01.xsd#p-FinInstr_ClientOwnedFinancialInstrumentsRetailClients" xlink:label="p-FinInstr_ClientOwnedFinancialInstrumentsRetailClients" />
    <labelArc xlink:type="arc" xlink:arcrole="http://www.xbrl.org/2003/arcrole/concept-label" xlink:from="p-FinInstr_ClientOwnedFinancialInstrumentsRetailClients" xlink:to="p-FinInstr_ClientOwnedFinancialInstrumentsRetailClients_lbl" />
    <label xlink:type="resource" xlink:role="http://www.xbrl.org/2003/role/label" xlink:label="p-FinInstr_ClientOwnedFinancialInstrumentsRetailClients_lbl" xml:lang="en">Retail Clients</label>
    <loc xlink:type="locator" xlink:href="p-FinInstr-2008-01-01.xsd#p-FinInstr_ClientOwnedFinancialInstrumentsRetailClientsNotUnderPortfolioManagement" xlink:label="p-FinInstr_ClientOwnedFinancialInstrumentsRetailClientsNotUnderPortfolioManagement" />
    <labelArc xlink:type="arc" xlink:arcrole="http://www.xbrl.org/2003/arcrole/concept-label" xlink:from="p-FinInstr_ClientOwnedFinancialInstrumentsRetailClientsNotUnderPortfolioManagement" xlink:to="p-FinInstr_ClientOwnedFinancialInstrumentsRetailClientsNotUnderPortfolioManagement_lbl" />
    <label xlink:type="resource" xlink:role="http://www.xbrl.org/2003/role/label" xlink:label="p-FinInstr_ClientOwnedFinancialInstrumentsRetailClientsNotUnderPortfolioManagement_lbl" xml:lang="en">Not under Portfolio Management</label>
    <loc xlink:type="locator" xlink:href="p-FinInstr-2008-01-01.xsd#p-FinInstr_ClientOwnedFinancialInstrumentsRetailClientsUnderPortfolioManagement" xlink:label="p-FinInstr_ClientOwnedFinancialInstrumentsRetailClientsUnderPortfolioManagement" />
    <labelArc xlink:type="arc" xlink:arcrole="http://www.xbrl.org/2003/arcrole/concept-label" xlink:from="p-FinInstr_ClientOwnedFinancialInstrumentsRetailClientsUnderPortfolioManagement" xlink:to="p-FinInstr_ClientOwnedFinancialInstrumentsRetailClientsUnderPortfolioManagement_lbl" />
    <label xlink:type="resource" xlink:role="http://www.xbrl.org/2003/role/label" xlink:label="p-FinInstr_ClientOwnedFinancialInstrumentsRetailClientsUnderPortfolioManagement_lbl" xml:lang="en">Under Portfolio Management</label>
    <loc xlink:type="locator" xlink:href="p-FinInstr-2008-01-01.xsd#p-FinInstr_ClientOwnedFinancialInstrumentsValuationDifferences" xlink:label="p-FinInstr_ClientOwnedFinancialInstrumentsValuationDifferences" />
    <labelArc xlink:type="arc" xlink:arcrole="http://www.xbrl.org/2003/arcrole/concept-label" xlink:from="p-FinInstr_ClientOwnedFinancialInstrumentsValuationDifferences" xlink:to="p-FinInstr_ClientOwnedFinancialInstrumentsValuationDifferences_lbl" />
    <label xlink:type="resource" xlink:role="http://www.xbrl.org/2003/role/label" xlink:label="p-FinInstr_ClientOwnedFinancialInstrumentsValuationDifferences_lbl" xml:lang="en">(Valuation Differences)</label>
    <loc xlink:type="locator" xlink:href="p-FinInstr-2008-01-01.xsd#p-FinInstr_FinancialInstrumentsBalanceAssetsPresentation" xlink:label="p-FinInstr_FinancialInstrumentsBalanceAssetsPresentation" />
    <labelArc xlink:type="arc" xlink:arcrole="http://www.xbrl.org/2003/arcrole/concept-label" xlink:from="p-FinInstr_FinancialInstrumentsBalanceAssetsPresentation" xlink:to="p-FinInstr_FinancialInstrumentsBalanceAssetsPresentation_lbl" />
    <label xlink:type="resource" xlink:role="http://www.xbrl.org/2003/role/label" xlink:label="p-FinInstr_FinancialInstrumentsBalanceAssetsPresentation_lbl" xml:lang="en">Financial Instruments Balance, Assets (Presentation)</label>
    <loc xlink:type="locator" xlink:href="p-FinInstr-2008-01-01.xsd#p-FinInstr_FinancialInstrumentsBalanceLiabilitiesPresentation" xlink:label="p-FinInstr_FinancialInstrumentsBalanceLiabilitiesPresentation" />
    <labelArc xlink:type="arc" xlink:arcrole="http://www.xbrl.org/2003/arcrole/concept-label" xlink:from="p-FinInstr_FinancialInstrumentsBalanceLiabilitiesPresentation" xlink:to="p-FinInstr_FinancialInstrumentsBalanceLiabilitiesPresentation_lbl" />
    <label xlink:type="resource" xlink:role="http://www.xbrl.org/2003/role/label" xlink:label="p-FinInstr_FinancialInstrumentsBalanceLiabilitiesPresentation_lbl" xml:lang="en">Financial Instruments Balance, Liabilities (Presentation)</label>
    <loc xlink:type="locator" xlink:href="p-FinInstr-2008-01-01.xsd#p-FinInstr_FinancialInstrumentsBalancePresentation" xlink:label="p-FinInstr_FinancialInstrumentsBalancePresentation" />
    <labelArc xlink:type="arc" xlink:arcrole="http://www.xbrl.org/2003/arcrole/concept-label" xlink:from="p-FinInstr_FinancialInstrumentsBalancePresentation" xlink:to="p-FinInstr_FinancialInstrumentsBalancePresentation_lbl" />
    <label xlink:type="resource" xlink:role="http://www.xbrl.org/2003/role/label" xlink:label="p-FinInstr_FinancialInstrumentsBalancePresentation_lbl" xml:lang="en">Financial Instruments Balance (Presentation)</label>
    <loc xlink:type="locator" xlink:href="p-FinInstr-2008-01-01.xsd#p-FinInstr_FinancialInstrumentsToBeDeliveredToClientsOrCounterparties" xlink:label="p-FinInstr_FinancialInstrumentsToBeDeliveredToClientsOrCounterparties" />
    <labelArc xlink:type="arc" xlink:arcrole="http://www.xbrl.org/2003/arcrole/concept-label" xlink:from="p-FinInstr_FinancialInstrumentsToBeDeliveredToClientsOrCounterparties" xlink:to="p-FinInstr_FinancialInstrumentsToBeDeliveredToClientsOrCounterparties_lbl" />
    <label xlink:type="resource" xlink:role="http://www.xbrl.org/2003/role/label" xlink:label="p-FinInstr_FinancialInstrumentsToBeDeliveredToClientsOrCounterparties_lbl" xml:lang="en">Financial Instruments to be Delivered to Clients or Counterparties</label>
    <loc xlink:type="locator" xlink:href="p-FinInstr-2008-01-01.xsd#p-FinInstr_FinancialInstrumentsToBeDeliveredToClientsOrCounterpartiesAdjustments" xlink:label="p-FinInstr_FinancialInstrumentsToBeDeliveredToClientsOrCounterpartiesAdjustments" />
    <labelArc xlink:type="arc" xlink:arcrole="http://www.xbrl.org/2003/arcrole/concept-label" xlink:from="p-FinInstr_FinancialInstrumentsToBeDeliveredToClientsOrCounterpartiesAdjustments" xlink:to="p-FinInstr_FinancialInstrumentsToBeDeliveredToClientsOrCounterpartiesAdjustments_lbl" />
    <label xlink:type="resource" xlink:role="http://www.xbrl.org/2003/role/label" xlink:label="p-FinInstr_FinancialInstrumentsToBeDeliveredToClientsOrCounterpartiesAdjustments_lbl" xml:lang="en">Adjustments</label>
    <loc xlink:type="locator" xlink:href="p-FinInstr-2008-01-01.xsd#p-FinInstr_FinancialInstrumentsToBeDeliveredToClientsOrCounterpartiesSecuritiesFinancingContracts" xlink:label="p-FinInstr_FinancialInstrumentsToBeDeliveredToClientsOrCounterpartiesSecuritiesFinancingContracts" />
    <labelArc xlink:type="arc" xlink:arcrole="http://www.xbrl.org/2003/arcrole/concept-label" xlink:from="p-FinInstr_FinancialInstrumentsToBeDeliveredToClientsOrCounterpartiesSecuritiesFinancingContracts" xlink:to="p-FinInstr_FinancialInstrumentsToBeDeliveredToClientsOrCounterpartiesSecuritiesFinancingContracts_lbl" />
    <label xlink:type="resource" xlink:role="http://www.xbrl.org/2003/role/label" xlink:label="p-FinInstr_FinancialInstrumentsToBeDeliveredToClientsOrCounterpartiesSecuritiesFinancingContracts_lbl" xml:lang="en">Securities Financing Contracts</label>
    <loc xlink:type="locator" xlink:href="p-FinInstr-2008-01-01.xsd#p-FinInstr_FinancialInstrumentsToBeDeliveredToClientsOrCounterpartiesTransactionsInProgress" xlink:label="p-FinInstr_FinancialInstrumentsToBeDeliveredToClientsOrCounterpartiesTransactionsInProgress" />
    <labelArc xlink:type="arc" xlink:arcrole="http://www.xbrl.org/2003/arcrole/concept-label" xlink:from="p-FinInstr_FinancialInstrumentsToBeDeliveredToClientsOrCounterpartiesTransactionsInProgress" xlink:to="p-FinInstr_FinancialInstrumentsToBeDeliveredToClientsOrCounterpartiesTransactionsInProgress_lbl" />
    <label xlink:type="resource" xlink:role="http://www.xbrl.org/2003/role/label" xlink:label="p-FinInstr_FinancialInstrumentsToBeDeliveredToClientsOrCounterpartiesTransactionsInProgress_lbl" xml:lang="en">Transactions in Progress</label>
    <loc xlink:type="locator" xlink:href="p-FinInstr-2008-01-01.xsd#p-FinInstr_FinancialInstrumentsToBeReceivedForTheAccountOfClientsOrCounterparties" xlink:label="p-FinInstr_FinancialInstrumentsToBeReceivedForTheAccountOfClientsOrCounterparties" />
    <labelArc xlink:type="arc" xlink:arcrole="http://www.xbrl.org/2003/arcrole/concept-label" xlink:from="p-FinInstr_FinancialInstrumentsToBeReceivedForTheAccountOfClientsOrCounterparties" xlink:to="p-FinInstr_FinancialInstrumentsToBeReceivedForTheAccountOfClientsOrCounterparties_lbl" />
    <label xlink:type="resource" xlink:role="http://www.xbrl.org/2003/role/label" xlink:label="p-FinInstr_FinancialInstrumentsToBeReceivedForTheAccountOfClientsOrCounterparties_lbl" xml:lang="en">Financial Instruments to be Received for the Account of Clients or Counterparties</label>
    <loc xlink:type="locator" xlink:href="p-FinInstr-2008-01-01.xsd#p-FinInstr_FinancialInstrumentsToBeReceivedForTheAccountOfClientsOrCounterpartiesAdjustments" xlink:label="p-FinInstr_FinancialInstrumentsToBeReceivedForTheAccountOfClientsOrCounterpartiesAdjustments" />
    <labelArc xlink:type="arc" xlink:arcrole="http://www.xbrl.org/2003/arcrole/concept-label" xlink:from="p-FinInstr_FinancialInstrumentsToBeReceivedForTheAccountOfClientsOrCounterpartiesAdjustments" xlink:to="p-FinInstr_FinancialInstrumentsToBeReceivedForTheAccountOfClientsOrCounterpartiesAdjustments_lbl" />
    <label xlink:type="resource" xlink:role="http://www.xbrl.org/2003/role/label" xlink:label="p-FinInstr_FinancialInstrumentsToBeReceivedForTheAccountOfClientsOrCounterpartiesAdjustments_lbl" xml:lang="en">Adjustments</label>
    <loc xlink:type="locator" xlink:href="p-FinInstr-2008-01-01.xsd#p-FinInstr_FinancialInstrumentsToBeReceivedForTheAccountOfClientsOrCounterpartiesSecuritiesFinancingContracts" xlink:label="p-FinInstr_FinancialInstrumentsToBeReceivedForTheAccountOfClientsOrCounterpartiesSecuritiesFinancingContracts" />
    <labelArc xlink:type="arc" xlink:arcrole="http://www.xbrl.org/2003/arcrole/concept-label" xlink:from="p-FinInstr_FinancialInstrumentsToBeReceivedForTheAccountOfClientsOrCounterpartiesSecuritiesFinancingContracts" xlink:to="p-FinInstr_FinancialInstrumentsToBeReceivedForTheAccountOfClientsOrCounterpartiesSecuritiesFinancingContracts_lbl" />
    <label xlink:type="resource" xlink:role="http://www.xbrl.org/2003/role/label" xlink:label="p-FinInstr_FinancialInstrumentsToBeReceivedForTheAccountOfClientsOrCounterpartiesSecuritiesFinancingContracts_lbl" xml:lang="en">Securities Financing Contracts</label>
    <loc xlink:type="locator" xlink:href="p-FinInstr-2008-01-01.xsd#p-FinInstr_FinancialInstrumentsToBeReceivedForTheAccountOfClientsOrCounterpartiesTransactionsInProgress" xlink:label="p-FinInstr_FinancialInstrumentsToBeReceivedForTheAccountOfClientsOrCounterpartiesTransactionsInProgress" />
    <labelArc xlink:type="arc" xlink:arcrole="http://www.xbrl.org/2003/arcrole/concept-label" xlink:from="p-FinInstr_FinancialInstrumentsToBeReceivedForTheAccountOfClientsOrCounterpartiesTransactionsInProgress" xlink:to="p-FinInstr_FinancialInstrumentsToBeReceivedForTheAccountOfClientsOrCounterpartiesTransactionsInProgress_lbl" />
    <label xlink:type="resource" xlink:role="http://www.xbrl.org/2003/role/label" xlink:label="p-FinInstr_FinancialInstrumentsToBeReceivedForTheAccountOfClientsOrCounterpartiesTransactionsInProgress_lbl" xml:lang="en">Transactions in Progress</label>
    <loc xlink:type="locator" xlink:href="p-FinInstr-2008-01-01.xsd#p-FinInstr_TotalFinancialInstrumentsAssets" xlink:label="p-FinInstr_TotalFinancialInstrumentsAssets" />
    <labelArc xlink:type="arc" xlink:arcrole="http://www.xbrl.org/2003/arcrole/concept-label" xlink:from="p-FinInstr_TotalFinancialInstrumentsAssets" xlink:to="p-FinInstr_TotalFinancialInstrumentsAssets_lbl" />
    <label xlink:type="resource" xlink:role="http://www.xbrl.org/2003/role/label" xlink:label="p-FinInstr_TotalFinancialInstrumentsAssets_lbl" xml:lang="en">Total Financial Instruments (Assets)</label>
    <loc xlink:type="locator" xlink:href="p-FinInstr-2008-01-01.xsd#p-FinInstr_TotalFinancialInstrumentsLiabilities" xlink:label="p-FinInstr_TotalFinancialInstrumentsLiabilities" />
    <labelArc xlink:type="arc" xlink:arcrole="http://www.xbrl.org/2003/arcrole/concept-label" xlink:from="p-FinInstr_TotalFinancialInstrumentsLiabilities" xlink:to="p-FinInstr_TotalFinancialInstrumentsLiabilities_lbl" />
    <label xlink:type="resource" xlink:role="http://www.xbrl.org/2003/role/label" xlink:label="p-FinInstr_TotalFinancialInstrumentsLiabilities_lbl" xml:lang="en">Total Financial Instruments (Liabilities)</label>
  </labelLink>
</linkbase>