<?xml version="1.0" encoding="iso-8859-1"?>
<linkbase xmlns="http://www.xbrl.org/2003/linkbase"
xmlns:xsi="http://www.w3.org/2001/XMLSchema-instance"
xmlns:xlink="http://www.w3.org/1999/xlink" xsi:schemaLocation=" http://www.xbrl.org/2003/linkbase http://www.xbrl.org/2003/xbrl-linkbase-2003-12-31.xsd">
  <roleRef xlink:type="simple" xlink:href="p-FinInstr-2008-01-01.xsd#FinancialInstrumentsBalance" roleURI="http://www.xbrl.be/be/fr/FinancialInstrumentsBalance/2008-01-01/role/FinancialInstrumentsBalance" />
  <presentationLink xlink:type="extended" xlink:role="http://www.xbrl.be/be/fr/FinancialInstrumentsBalance/2008-01-01/role/FinancialInstrumentsBalance">
    <loc xlink:type="locator" xlink:href="p-FinInstr-2008-01-01.xsd#p-FinInstr_FinancialInstrumentsBalancePresentation" xlink:label="p-FinInstr_FinancialInstrumentsBalancePresentation" xlink:title="presentation: FinancialInstrumentsBalancePresentation to FinancialInstrumentsBalanceAssetsPresentation" />
    <loc xlink:type="locator" xlink:href="p-FinInstr-2008-01-01.xsd#p-FinInstr_FinancialInstrumentsBalanceAssetsPresentation" xlink:label="p-FinInstr_FinancialInstrumentsBalanceAssetsPresentation" xlink:title="presentation: FinancialInstrumentsBalancePresentation to FinancialInstrumentsBalanceAssetsPresentation" />
    <presentationArc xlink:type="arc" xlink:arcrole="http://www.xbrl.org/2003/arcrole/parent-child" xlink:from="p-FinInstr_FinancialInstrumentsBalancePresentation" xlink:to="p-FinInstr_FinancialInstrumentsBalanceAssetsPresentation" xlink:title="presentation: FinancialInstrumentsBalancePresentation to FinancialInstrumentsBalanceAssetsPresentation" order="1" use="optional" />
    <loc xlink:type="locator" xlink:href="p-FinInstr-2008-01-01.xsd#p-FinInstr_FinancialInstrumentsToBeReceivedForTheAccountOfClientsOrCounterparties" xlink:label="p-FinInstr_FinancialInstrumentsToBeReceivedForTheAccountOfClientsOrCounterparties" xlink:title="presentation: FinancialInstrumentsBalanceAssetsPresentation to FinancialInstrumentsToBeReceivedForTheAccountOfClientsOrCounterparties" />
    <presentationArc xlink:type="arc" xlink:arcrole="http://www.xbrl.org/2003/arcrole/parent-child" xlink:from="p-FinInstr_FinancialInstrumentsBalanceAssetsPresentation" xlink:to="p-FinInstr_FinancialInstrumentsToBeReceivedForTheAccountOfClientsOrCounterparties" xlink:title="presentation: FinancialInstrumentsBalanceAssetsPresentation to FinancialInstrumentsToBeReceivedForTheAccountOfClientsOrCounterparties" order="1" use="optional" />
    <loc xlink:type="locator" xlink:href="p-FinInstr-2008-01-01.xsd#p-FinInstr_FinancialInstrumentsToBeReceivedForTheAccountOfClientsOrCounterpartiesTransactionsInProgress" xlink:label="p-FinInstr_FinancialInstrumentsToBeReceivedForTheAccountOfClientsOrCounterpartiesTransactionsInProgress" xlink:title="presentation: FinancialInstrumentsToBeReceivedForTheAccountOfClientsOrCounterparties to FinancialInstrumentsToBeReceivedForTheAccountOfClientsOrCounterpartiesTransactionsInProgress" />
    <presentationArc xlink:type="arc" xlink:arcrole="http://www.xbrl.org/2003/arcrole/parent-child" xlink:from="p-FinInstr_FinancialInstrumentsToBeReceivedForTheAccountOfClientsOrCounterparties" xlink:to="p-FinInstr_FinancialInstrumentsToBeReceivedForTheAccountOfClientsOrCounterpartiesTransactionsInProgress" xlink:title="presentation: FinancialInstrumentsToBeReceivedForTheAccountOfClientsOrCounterparties to FinancialInstrumentsToBeReceivedForTheAccountOfClientsOrCounterpartiesTransactionsInProgress" order="1" use="optional" />
    <loc xlink:type="locator" xlink:href="p-FinInstr-2008-01-01.xsd#p-FinInstr_FinancialInstrumentsToBeReceivedForTheAccountOfClientsOrCounterpartiesSecuritiesFinancingContracts" xlink:label="p-FinInstr_FinancialInstrumentsToBeReceivedForTheAccountOfClientsOrCounterpartiesSecuritiesFinancingContracts" xlink:title="presentation: FinancialInstrumentsToBeReceivedForTheAccountOfClientsOrCounterparties to FinancialInstrumentsToBeReceivedForTheAccountOfClientsOrCounterpartiesSecuritiesFinancingContracts" />
    <presentationArc xlink:type="arc" xlink:arcrole="http://www.xbrl.org/2003/arcrole/parent-child" xlink:from="p-FinInstr_FinancialInstrumentsToBeReceivedForTheAccountOfClientsOrCounterparties" xlink:to="p-FinInstr_FinancialInstrumentsToBeReceivedForTheAccountOfClientsOrCounterpartiesSecuritiesFinancingContracts" xlink:title="presentation: FinancialInstrumentsToBeReceivedForTheAccountOfClientsOrCounterparties to FinancialInstrumentsToBeReceivedForTheAccountOfClientsOrCounterpartiesSecuritiesFinancingContracts" order="2" use="optional" />
    <loc xlink:type="locator" xlink:href="p-FinInstr-2008-01-01.xsd#p-FinInstr_FinancialInstrumentsToBeReceivedForTheAccountOfClientsOrCounterpartiesAdjustments" xlink:label="p-FinInstr_FinancialInstrumentsToBeReceivedForTheAccountOfClientsOrCounterpartiesAdjustments" xlink:title="presentation: FinancialInstrumentsToBeReceivedForTheAccountOfClientsOrCounterparties to FinancialInstrumentsToBeReceivedForTheAccountOfClientsOrCounterpartiesAdjustments" />
    <presentationArc xlink:type="arc" xlink:arcrole="http://www.xbrl.org/2003/arcrole/parent-child" xlink:from="p-FinInstr_FinancialInstrumentsToBeReceivedForTheAccountOfClientsOrCounterparties" xlink:to="p-FinInstr_FinancialInstrumentsToBeReceivedForTheAccountOfClientsOrCounterpartiesAdjustments" xlink:title="presentation: FinancialInstrumentsToBeReceivedForTheAccountOfClientsOrCounterparties to FinancialInstrumentsToBeReceivedForTheAccountOfClientsOrCounterpartiesAdjustments" order="3" use="optional" />
    <loc xlink:type="locator" xlink:href="p-FinInstr-2008-01-01.xsd#p-FinInstr_ClientOwnedFinancialInstrumentsInSafekeeping" xlink:label="p-FinInstr_ClientOwnedFinancialInstrumentsInSafekeeping" xlink:title="presentation: FinancialInstrumentsBalanceAssetsPresentation to ClientOwnedFinancialInstrumentsInSafekeeping" />
    <presentationArc xlink:type="arc" xlink:arcrole="http://www.xbrl.org/2003/arcrole/parent-child" xlink:from="p-FinInstr_FinancialInstrumentsBalanceAssetsPresentation" xlink:to="p-FinInstr_ClientOwnedFinancialInstrumentsInSafekeeping" xlink:title="presentation: FinancialInstrumentsBalanceAssetsPresentation to ClientOwnedFinancialInstrumentsInSafekeeping" order="2" use="optional" />
    <loc xlink:type="locator" xlink:href="p-FinInstr-2008-01-01.xsd#p-FinInstr_ClientOwnedFinancialInstrumentsInSafekeepingWithSettlementsInstitutionsWithinTheGroup" xlink:label="p-FinInstr_ClientOwnedFinancialInstrumentsInSafekeepingWithSettlementsInstitutionsWithinTheGroup" xlink:title="presentation: ClientOwnedFinancialInstrumentsInSafekeeping to ClientOwnedFinancialInstrumentsInSafekeepingWithSettlementsInstitutionsWithinTheGroup" />
    <presentationArc xlink:type="arc" xlink:arcrole="http://www.xbrl.org/2003/arcrole/parent-child" xlink:from="p-FinInstr_ClientOwnedFinancialInstrumentsInSafekeeping" xlink:to="p-FinInstr_ClientOwnedFinancialInstrumentsInSafekeepingWithSettlementsInstitutionsWithinTheGroup" xlink:title="presentation: ClientOwnedFinancialInstrumentsInSafekeeping to ClientOwnedFinancialInstrumentsInSafekeepingWithSettlementsInstitutionsWithinTheGroup" order="1" use="optional" />
    <loc xlink:type="locator" xlink:href="p-FinInstr-2008-01-01.xsd#p-FinInstr_ClientOwnedFinancialInstrumentsInSafekeepingWithSettlementsInstitutionsOutsideTheGroup" xlink:label="p-FinInstr_ClientOwnedFinancialInstrumentsInSafekeepingWithSettlementsInstitutionsOutsideTheGroup" xlink:title="presentation: ClientOwnedFinancialInstrumentsInSafekeeping to ClientOwnedFinancialInstrumentsInSafekeepingWithSettlementsInstitutionsOutsideTheGroup" />
    <presentationArc xlink:type="arc" xlink:arcrole="http://www.xbrl.org/2003/arcrole/parent-child" xlink:from="p-FinInstr_ClientOwnedFinancialInstrumentsInSafekeeping" xlink:to="p-FinInstr_ClientOwnedFinancialInstrumentsInSafekeepingWithSettlementsInstitutionsOutsideTheGroup" xlink:title="presentation: ClientOwnedFinancialInstrumentsInSafekeeping to ClientOwnedFinancialInstrumentsInSafekeepingWithSettlementsInstitutionsOutsideTheGroup" order="2" use="optional" />
    <loc xlink:type="locator" xlink:href="p-FinInstr-2008-01-01.xsd#p-FinInstr_ClientOwnedFinancialInstrumentsInSafekeepingWithThirdPartyDepositaries" xlink:label="p-FinInstr_ClientOwnedFinancialInstrumentsInSafekeepingWithThirdPartyDepositaries" xlink:title="presentation: ClientOwnedFinancialInstrumentsInSafekeeping to ClientOwnedFinancialInstrumentsInSafekeepingWithThirdPartyDepositaries" />
    <presentationArc xlink:type="arc" xlink:arcrole="http://www.xbrl.org/2003/arcrole/parent-child" xlink:from="p-FinInstr_ClientOwnedFinancialInstrumentsInSafekeeping" xlink:to="p-FinInstr_ClientOwnedFinancialInstrumentsInSafekeepingWithThirdPartyDepositaries" xlink:title="presentation: ClientOwnedFinancialInstrumentsInSafekeeping to ClientOwnedFinancialInstrumentsInSafekeepingWithThirdPartyDepositaries" order="3" use="optional" />
    <loc xlink:type="locator" xlink:href="p-FinInstr-2008-01-01.xsd#p-FinInstr_ClientOwnedFinancialInstrumentsInSafekeepingWithSafeCustodyThirdPartyDepositaries" xlink:label="p-FinInstr_ClientOwnedFinancialInstrumentsInSafekeepingWithSafeCustodyThirdPartyDepositaries" xlink:title="presentation: ClientOwnedFinancialInstrumentsInSafekeeping to ClientOwnedFinancialInstrumentsInSafekeepingWithSafeCustodyThirdPartyDepositaries" />
    <presentationArc xlink:type="arc" xlink:arcrole="http://www.xbrl.org/2003/arcrole/parent-child" xlink:from="p-FinInstr_ClientOwnedFinancialInstrumentsInSafekeeping" xlink:to="p-FinInstr_ClientOwnedFinancialInstrumentsInSafekeepingWithSafeCustodyThirdPartyDepositaries" xlink:title="presentation: ClientOwnedFinancialInstrumentsInSafekeeping to ClientOwnedFinancialInstrumentsInSafekeepingWithSafeCustodyThirdPartyDepositaries" order="4" use="optional" />
    <loc xlink:type="locator" xlink:href="p-FinInstr-2008-01-01.xsd#p-FinInstr_ClientOwnedFinancialInstrumentsInSafekeepingWithSafeCustodyInstitutionsOwnAssets" xlink:label="p-FinInstr_ClientOwnedFinancialInstrumentsInSafekeepingWithSafeCustodyInstitutionsOwnAssets" xlink:title="presentation: ClientOwnedFinancialInstrumentsInSafekeeping to ClientOwnedFinancialInstrumentsInSafekeepingWithSafeCustodyInstitutionsOwnAssets" />
    <presentationArc xlink:type="arc" xlink:arcrole="http://www.xbrl.org/2003/arcrole/parent-child" xlink:from="p-FinInstr_ClientOwnedFinancialInstrumentsInSafekeeping" xlink:to="p-FinInstr_ClientOwnedFinancialInstrumentsInSafekeepingWithSafeCustodyInstitutionsOwnAssets" xlink:title="presentation: ClientOwnedFinancialInstrumentsInSafekeeping to ClientOwnedFinancialInstrumentsInSafekeepingWithSafeCustodyInstitutionsOwnAssets" order="5" use="optional" />
    <loc xlink:type="locator" xlink:href="p-FinInstr-2008-01-01.xsd#p-FinInstr_ClientOwnedFinancialInstrumentsInSafekeepingWithReportingInstitution" xlink:label="p-FinInstr_ClientOwnedFinancialInstrumentsInSafekeepingWithReportingInstitution" xlink:title="presentation: ClientOwnedFinancialInstrumentsInSafekeeping to ClientOwnedFinancialInstrumentsInSafekeepingWithReportingInstitution" />
    <presentationArc xlink:type="arc" xlink:arcrole="http://www.xbrl.org/2003/arcrole/parent-child" xlink:from="p-FinInstr_ClientOwnedFinancialInstrumentsInSafekeeping" xlink:to="p-FinInstr_ClientOwnedFinancialInstrumentsInSafekeepingWithReportingInstitution" xlink:title="presentation: ClientOwnedFinancialInstrumentsInSafekeeping to ClientOwnedFinancialInstrumentsInSafekeepingWithReportingInstitution" order="6" use="optional" />
    <loc xlink:type="locator" xlink:href="p-FinInstr-2008-01-01.xsd#p-FinInstr_ClientOwnedFinancialInstrumentsInSafekeepingWithClientsDebitBalances" xlink:label="p-FinInstr_ClientOwnedFinancialInstrumentsInSafekeepingWithClientsDebitBalances" xlink:title="presentation: ClientOwnedFinancialInstrumentsInSafekeeping to ClientOwnedFinancialInstrumentsInSafekeepingWithClientsDebitBalances" />
    <presentationArc xlink:type="arc" xlink:arcrole="http://www.xbrl.org/2003/arcrole/parent-child" xlink:from="p-FinInstr_ClientOwnedFinancialInstrumentsInSafekeeping" xlink:to="p-FinInstr_ClientOwnedFinancialInstrumentsInSafekeepingWithClientsDebitBalances" xlink:title="presentation: ClientOwnedFinancialInstrumentsInSafekeeping to ClientOwnedFinancialInstrumentsInSafekeepingWithClientsDebitBalances" order="7" use="optional" />
    <loc xlink:type="locator" xlink:href="p-FinInstr-2008-01-01.xsd#p-FinInstr_ClientOwnedFinancialInstrumentsInSafekeepingValuationDifferences" xlink:label="p-FinInstr_ClientOwnedFinancialInstrumentsInSafekeepingValuationDifferences" xlink:title="presentation: ClientOwnedFinancialInstrumentsInSafekeeping to ClientOwnedFinancialInstrumentsInSafekeepingValuationDifferences" />
    <presentationArc xlink:type="arc" xlink:arcrole="http://www.xbrl.org/2003/arcrole/parent-child" xlink:from="p-FinInstr_ClientOwnedFinancialInstrumentsInSafekeeping" xlink:to="p-FinInstr_ClientOwnedFinancialInstrumentsInSafekeepingValuationDifferences" xlink:title="presentation: ClientOwnedFinancialInstrumentsInSafekeeping to ClientOwnedFinancialInstrumentsInSafekeepingValuationDifferences" order="8" use="optional" />
    <loc xlink:type="locator" xlink:href="p-FinInstr-2008-01-01.xsd#p-FinInstr_ClientOwnedFinancialInstrumentsProvidedAsCollateral" xlink:label="p-FinInstr_ClientOwnedFinancialInstrumentsProvidedAsCollateral" xlink:title="presentation: FinancialInstrumentsBalanceAssetsPresentation to ClientOwnedFinancialInstrumentsProvidedAsCollateral" />
    <presentationArc xlink:type="arc" xlink:arcrole="http://www.xbrl.org/2003/arcrole/parent-child" xlink:from="p-FinInstr_FinancialInstrumentsBalanceAssetsPresentation" xlink:to="p-FinInstr_ClientOwnedFinancialInstrumentsProvidedAsCollateral" xlink:title="presentation: FinancialInstrumentsBalanceAssetsPresentation to ClientOwnedFinancialInstrumentsProvidedAsCollateral" order="3" use="optional" />
    <loc xlink:type="locator" xlink:href="p-FinInstr-2008-01-01.xsd#p-FinInstr_TotalFinancialInstrumentsAssets" xlink:label="p-FinInstr_TotalFinancialInstrumentsAssets" xlink:title="presentation: FinancialInstrumentsBalanceAssetsPresentation to TotalFinancialInstrumentsAssets" />
    <presentationArc xlink:type="arc" xlink:arcrole="http://www.xbrl.org/2003/arcrole/parent-child" xlink:from="p-FinInstr_FinancialInstrumentsBalanceAssetsPresentation" xlink:to="p-FinInstr_TotalFinancialInstrumentsAssets" xlink:title="presentation: FinancialInstrumentsBalanceAssetsPresentation to TotalFinancialInstrumentsAssets" order="4" use="optional" />
    <loc xlink:type="locator" xlink:href="p-FinInstr-2008-01-01.xsd#p-FinInstr_FinancialInstrumentsBalanceLiabilitiesPresentation" xlink:label="p-FinInstr_FinancialInstrumentsBalanceLiabilitiesPresentation" xlink:title="presentation: FinancialInstrumentsBalancePresentation to FinancialInstrumentsBalanceLiabilitiesPresentation" />
    <presentationArc xlink:type="arc" xlink:arcrole="http://www.xbrl.org/2003/arcrole/parent-child" xlink:from="p-FinInstr_FinancialInstrumentsBalancePresentation" xlink:to="p-FinInstr_FinancialInstrumentsBalanceLiabilitiesPresentation" xlink:title="presentation: FinancialInstrumentsBalancePresentation to FinancialInstrumentsBalanceLiabilitiesPresentation" order="2" use="optional" />
    <loc xlink:type="locator" xlink:href="p-FinInstr-2008-01-01.xsd#p-FinInstr_FinancialInstrumentsToBeDeliveredToClientsOrCounterparties" xlink:label="p-FinInstr_FinancialInstrumentsToBeDeliveredToClientsOrCounterparties" xlink:title="presentation: FinancialInstrumentsBalanceLiabilitiesPresentation to FinancialInstrumentsToBeDeliveredToClientsOrCounterparties" />
    <presentationArc xlink:type="arc" xlink:arcrole="http://www.xbrl.org/2003/arcrole/parent-child" xlink:from="p-FinInstr_FinancialInstrumentsBalanceLiabilitiesPresentation" xlink:to="p-FinInstr_FinancialInstrumentsToBeDeliveredToClientsOrCounterparties" xlink:title="presentation: FinancialInstrumentsBalanceLiabilitiesPresentation to FinancialInstrumentsToBeDeliveredToClientsOrCounterparties" order="1" use="optional" />
    <loc xlink:type="locator" xlink:href="p-FinInstr-2008-01-01.xsd#p-FinInstr_FinancialInstrumentsToBeDeliveredToClientsOrCounterpartiesTransactionsInProgress" xlink:label="p-FinInstr_FinancialInstrumentsToBeDeliveredToClientsOrCounterpartiesTransactionsInProgress" xlink:title="presentation: FinancialInstrumentsToBeDeliveredToClientsOrCounterparties to FinancialInstrumentsToBeDeliveredToClientsOrCounterpartiesTransactionsInProgress" />
    <presentationArc xlink:type="arc" xlink:arcrole="http://www.xbrl.org/2003/arcrole/parent-child" xlink:from="p-FinInstr_FinancialInstrumentsToBeDeliveredToClientsOrCounterparties" xlink:to="p-FinInstr_FinancialInstrumentsToBeDeliveredToClientsOrCounterpartiesTransactionsInProgress" xlink:title="presentation: FinancialInstrumentsToBeDeliveredToClientsOrCounterparties to FinancialInstrumentsToBeDeliveredToClientsOrCounterpartiesTransactionsInProgress" order="1" use="optional" />
    <loc xlink:type="locator" xlink:href="p-FinInstr-2008-01-01.xsd#p-FinInstr_FinancialInstrumentsToBeDeliveredToClientsOrCounterpartiesSecuritiesFinancingContracts" xlink:label="p-FinInstr_FinancialInstrumentsToBeDeliveredToClientsOrCounterpartiesSecuritiesFinancingContracts" xlink:title="presentation: FinancialInstrumentsToBeDeliveredToClientsOrCounterparties to FinancialInstrumentsToBeDeliveredToClientsOrCounterpartiesSecuritiesFinancingContracts" />
    <presentationArc xlink:type="arc" xlink:arcrole="http://www.xbrl.org/2003/arcrole/parent-child" xlink:from="p-FinInstr_FinancialInstrumentsToBeDeliveredToClientsOrCounterparties" xlink:to="p-FinInstr_FinancialInstrumentsToBeDeliveredToClientsOrCounterpartiesSecuritiesFinancingContracts" xlink:title="presentation: FinancialInstrumentsToBeDeliveredToClientsOrCounterparties to FinancialInstrumentsToBeDeliveredToClientsOrCounterpartiesSecuritiesFinancingContracts" order="2" use="optional" />
    <loc xlink:type="locator" xlink:href="p-FinInstr-2008-01-01.xsd#p-FinInstr_FinancialInstrumentsToBeDeliveredToClientsOrCounterpartiesAdjustments" xlink:label="p-FinInstr_FinancialInstrumentsToBeDeliveredToClientsOrCounterpartiesAdjustments" xlink:title="presentation: FinancialInstrumentsToBeDeliveredToClientsOrCounterparties to FinancialInstrumentsToBeDeliveredToClientsOrCounterpartiesAdjustments" />
    <presentationArc xlink:type="arc" xlink:arcrole="http://www.xbrl.org/2003/arcrole/parent-child" xlink:from="p-FinInstr_FinancialInstrumentsToBeDeliveredToClientsOrCounterparties" xlink:to="p-FinInstr_FinancialInstrumentsToBeDeliveredToClientsOrCounterpartiesAdjustments" xlink:title="presentation: FinancialInstrumentsToBeDeliveredToClientsOrCounterparties to FinancialInstrumentsToBeDeliveredToClientsOrCounterpartiesAdjustments" order="3" use="optional" />
    <loc xlink:type="locator" xlink:href="p-FinInstr-2008-01-01.xsd#p-FinInstr_ClientOwnedFinancialInstruments" xlink:label="p-FinInstr_ClientOwnedFinancialInstruments" xlink:title="presentation: FinancialInstrumentsBalanceLiabilitiesPresentation to ClientOwnedFinancialInstruments" />
    <presentationArc xlink:type="arc" xlink:arcrole="http://www.xbrl.org/2003/arcrole/parent-child" xlink:from="p-FinInstr_FinancialInstrumentsBalanceLiabilitiesPresentation" xlink:to="p-FinInstr_ClientOwnedFinancialInstruments" xlink:title="presentation: FinancialInstrumentsBalanceLiabilitiesPresentation to ClientOwnedFinancialInstruments" order="2" use="optional" />
    <loc xlink:type="locator" xlink:href="p-FinInstr-2008-01-01.xsd#p-FinInstr_ClientOwnedFinancialInstrumentsRetailClients" xlink:label="p-FinInstr_ClientOwnedFinancialInstrumentsRetailClients" xlink:title="presentation: ClientOwnedFinancialInstruments to ClientOwnedFinancialInstrumentsRetailClients" />
    <presentationArc xlink:type="arc" xlink:arcrole="http://www.xbrl.org/2003/arcrole/parent-child" xlink:from="p-FinInstr_ClientOwnedFinancialInstruments" xlink:to="p-FinInstr_ClientOwnedFinancialInstrumentsRetailClients" xlink:title="presentation: ClientOwnedFinancialInstruments to ClientOwnedFinancialInstrumentsRetailClients" order="1" use="optional" />
    <loc xlink:type="locator" xlink:href="p-FinInstr-2008-01-01.xsd#p-FinInstr_ClientOwnedFinancialInstrumentsRetailClientsUnderPortfolioManagement" xlink:label="p-FinInstr_ClientOwnedFinancialInstrumentsRetailClientsUnderPortfolioManagement" xlink:title="presentation: ClientOwnedFinancialInstrumentsRetailClients to ClientOwnedFinancialInstrumentsRetailClientsUnderPortfolioManagement" />
    <presentationArc xlink:type="arc" xlink:arcrole="http://www.xbrl.org/2003/arcrole/parent-child" xlink:from="p-FinInstr_ClientOwnedFinancialInstrumentsRetailClients" xlink:to="p-FinInstr_ClientOwnedFinancialInstrumentsRetailClientsUnderPortfolioManagement" xlink:title="presentation: ClientOwnedFinancialInstrumentsRetailClients to ClientOwnedFinancialInstrumentsRetailClientsUnderPortfolioManagement" order="1" use="optional" />
    <loc xlink:type="locator" xlink:href="p-FinInstr-2008-01-01.xsd#p-FinInstr_ClientOwnedFinancialInstrumentsRetailClientsNotUnderPortfolioManagement" xlink:label="p-FinInstr_ClientOwnedFinancialInstrumentsRetailClientsNotUnderPortfolioManagement" xlink:title="presentation: ClientOwnedFinancialInstrumentsRetailClients to ClientOwnedFinancialInstrumentsRetailClientsNotUnderPortfolioManagement" />
    <presentationArc xlink:type="arc" xlink:arcrole="http://www.xbrl.org/2003/arcrole/parent-child" xlink:from="p-FinInstr_ClientOwnedFinancialInstrumentsRetailClients" xlink:to="p-FinInstr_ClientOwnedFinancialInstrumentsRetailClientsNotUnderPortfolioManagement" xlink:title="presentation: ClientOwnedFinancialInstrumentsRetailClients to ClientOwnedFinancialInstrumentsRetailClientsNotUnderPortfolioManagement" order="2" use="optional" />
    <loc xlink:type="locator" xlink:href="p-FinInstr-2008-01-01.xsd#p-FinInstr_ClientOwnedFinancialInstrumentsProfessionalClients" xlink:label="p-FinInstr_ClientOwnedFinancialInstrumentsProfessionalClients" xlink:title="presentation: ClientOwnedFinancialInstruments to ClientOwnedFinancialInstrumentsProfessionalClients" />
    <presentationArc xlink:type="arc" xlink:arcrole="http://www.xbrl.org/2003/arcrole/parent-child" xlink:from="p-FinInstr_ClientOwnedFinancialInstruments" xlink:to="p-FinInstr_ClientOwnedFinancialInstrumentsProfessionalClients" xlink:title="presentation: ClientOwnedFinancialInstruments to ClientOwnedFinancialInstrumentsProfessionalClients" order="2" use="optional" />
    <loc xlink:type="locator" xlink:href="p-FinInstr-2008-01-01.xsd#p-FinInstr_ClientOwnedFinancialInstrumentsProfessionalClientsUnderPortfolioManagement" xlink:label="p-FinInstr_ClientOwnedFinancialInstrumentsProfessionalClientsUnderPortfolioManagement" xlink:title="presentation: ClientOwnedFinancialInstrumentsProfessionalClients to ClientOwnedFinancialInstrumentsProfessionalClientsUnderPortfolioManagement" />
    <presentationArc xlink:type="arc" xlink:arcrole="http://www.xbrl.org/2003/arcrole/parent-child" xlink:from="p-FinInstr_ClientOwnedFinancialInstrumentsProfessionalClients" xlink:to="p-FinInstr_ClientOwnedFinancialInstrumentsProfessionalClientsUnderPortfolioManagement" xlink:title="presentation: ClientOwnedFinancialInstrumentsProfessionalClients to ClientOwnedFinancialInstrumentsProfessionalClientsUnderPortfolioManagement" order="1" use="optional" />
    <loc xlink:type="locator" xlink:href="p-FinInstr-2008-01-01.xsd#p-FinInstr_ClientOwnedFinancialInstrumentsProfessionalClientsNotUnderPortfolioManagement" xlink:label="p-FinInstr_ClientOwnedFinancialInstrumentsProfessionalClientsNotUnderPortfolioManagement" xlink:title="presentation: ClientOwnedFinancialInstrumentsProfessionalClients to ClientOwnedFinancialInstrumentsProfessionalClientsNotUnderPortfolioManagement" />
    <presentationArc xlink:type="arc" xlink:arcrole="http://www.xbrl.org/2003/arcrole/parent-child" xlink:from="p-FinInstr_ClientOwnedFinancialInstrumentsProfessionalClients" xlink:to="p-FinInstr_ClientOwnedFinancialInstrumentsProfessionalClientsNotUnderPortfolioManagement" xlink:title="presentation: ClientOwnedFinancialInstrumentsProfessionalClients to ClientOwnedFinancialInstrumentsProfessionalClientsNotUnderPortfolioManagement" order="2" use="optional" />
    <loc xlink:type="locator" xlink:href="p-FinInstr-2008-01-01.xsd#p-FinInstr_ClientOwnedFinancialInstrumentsCreditBalancesAtDepositaries" xlink:label="p-FinInstr_ClientOwnedFinancialInstrumentsCreditBalancesAtDepositaries" xlink:title="presentation: ClientOwnedFinancialInstruments to ClientOwnedFinancialInstrumentsCreditBalancesAtDepositaries" />
    <presentationArc xlink:type="arc" xlink:arcrole="http://www.xbrl.org/2003/arcrole/parent-child" xlink:from="p-FinInstr_ClientOwnedFinancialInstruments" xlink:to="p-FinInstr_ClientOwnedFinancialInstrumentsCreditBalancesAtDepositaries" xlink:title="presentation: ClientOwnedFinancialInstruments to ClientOwnedFinancialInstrumentsCreditBalancesAtDepositaries" order="3" use="optional" />
    <loc xlink:type="locator" xlink:href="p-FinInstr-2008-01-01.xsd#p-FinInstr_ClientOwnedFinancialInstrumentsValuationDifferences" xlink:label="p-FinInstr_ClientOwnedFinancialInstrumentsValuationDifferences" xlink:title="presentation: ClientOwnedFinancialInstruments to ClientOwnedFinancialInstrumentsValuationDifferences" />
    <presentationArc xlink:type="arc" xlink:arcrole="http://www.xbrl.org/2003/arcrole/parent-child" xlink:from="p-FinInstr_ClientOwnedFinancialInstruments" xlink:to="p-FinInstr_ClientOwnedFinancialInstrumentsValuationDifferences" xlink:title="presentation: ClientOwnedFinancialInstruments to ClientOwnedFinancialInstrumentsValuationDifferences" order="4" use="optional" />
    <loc xlink:type="locator" xlink:href="p-FinInstr-2008-01-01.xsd#p-FinInstr_ClientOwnedFinancialInstrumentsReceivedAsCollateral" xlink:label="p-FinInstr_ClientOwnedFinancialInstrumentsReceivedAsCollateral" xlink:title="presentation: FinancialInstrumentsBalanceLiabilitiesPresentation to ClientOwnedFinancialInstrumentsReceivedAsCollateral" />
    <presentationArc xlink:type="arc" xlink:arcrole="http://www.xbrl.org/2003/arcrole/parent-child" xlink:from="p-FinInstr_FinancialInstrumentsBalanceLiabilitiesPresentation" xlink:to="p-FinInstr_ClientOwnedFinancialInstrumentsReceivedAsCollateral" xlink:title="presentation: FinancialInstrumentsBalanceLiabilitiesPresentation to ClientOwnedFinancialInstrumentsReceivedAsCollateral" order="3" use="optional" />
    <loc xlink:type="locator" xlink:href="p-FinInstr-2008-01-01.xsd#p-FinInstr_TotalFinancialInstrumentsLiabilities" xlink:label="p-FinInstr_TotalFinancialInstrumentsLiabilities" xlink:title="presentation: FinancialInstrumentsBalanceLiabilitiesPresentation to TotalFinancialInstrumentsLiabilities" />
    <presentationArc xlink:type="arc" xlink:arcrole="http://www.xbrl.org/2003/arcrole/parent-child" xlink:from="p-FinInstr_FinancialInstrumentsBalanceLiabilitiesPresentation" xlink:to="p-FinInstr_TotalFinancialInstrumentsLiabilities" xlink:title="presentation: FinancialInstrumentsBalanceLiabilitiesPresentation to TotalFinancialInstrumentsLiabilities" order="4" use="optional" />
  </presentationLink>
</linkbase>